"","Df","Sum Sq","Mean Sq","F value","Pr(>F)"
"evento.ma",2,18151.262526984,9075.63126349202,12.3979492508042,4.56425182666732e-06
"sexo",1,40487.4187787524,40487.4187787524,55.3086555349861,1.71938074649154e-13
"Residuals",1510,1105360.48588713,732.026811845781,NA,NA
