"summary.evento.ma","summary.sexo","summary.bean.num","summary.n","summary.avg","summary.inf.lb","summary.inf.ub","avg.line.fun","inf.method","inf.p"
"Niña","Hembra",1,118,161.084745762712,156.998265002091,164.930651672299,"mean","hdi",0.95
"Neutro","Hembra",2,521,151.619193857965,149.271811945403,153.640068897969,"mean","hdi",0.95
"Niño","Hembra",3,102,142.995098039216,137.695304864413,148.129996521018,"mean","hdi",0.95
"Niña","Macho",4,117,167.017094017094,161.503679246831,172.590688224049,"mean","hdi",0.95
"Neutro","Macho",5,549,161.744080145719,159.536456403347,164.171623115108,"mean","hdi",0.95
"Niño","Macho",6,107,159.434579439252,154.099577717344,165.800633277456,"mean","hdi",0.95
