"summary.evento.ma","summary.sexo","summary.bean.num","summary.n","summary.avg","summary.inf.lb","summary.inf.ub","avg.line.fun","inf.method","inf.p"
"Niña","Hembra",1,118,161.084745762712,156.80321045625,165.23137339347,"mean","hdi",0.95
"Neutro","Hembra",2,521,151.619193857965,149.103102381165,153.879584664908,"mean","hdi",0.95
"Niño","Hembra",3,102,142.995098039216,137.817626819434,148.367464972546,"mean","hdi",0.95
"Niña","Macho",4,117,167.017094017094,161.495299321405,172.052611402149,"mean","hdi",0.95
"Neutro","Macho",5,549,161.744080145719,159.57774645638,164.164844022553,"mean","hdi",0.95
"Niño","Macho",6,107,159.434579439252,153.661644992384,165.064727430401,"mean","hdi",0.95
