"summary.evento.ma","summary.sexo","summary.bean.num","summary.n","summary.avg","summary.inf.lb","summary.inf.ub","avg.line.fun","inf.method","inf.p"
"Ni単a","Hembra",1,118,161.084745762712,157.131740780497,165.36236292232,"mean","hdi",0.95
"Neutro","Hembra",2,521,151.619193857965,149.33426906271,153.895916264324,"mean","hdi",0.95
"Ni単o","Hembra",3,102,142.995098039216,138.281378705559,148.213131341919,"mean","hdi",0.95
"Ni単a","Macho",4,117,167.017094017094,161.476873208415,172.225570240412,"mean","hdi",0.95
"Neutro","Macho",5,549,161.744080145719,159.557595260074,164.104457971786,"mean","hdi",0.95
"Ni単o","Macho",6,107,159.434579439252,152.358488452236,164.571706928203,"mean","hdi",0.95
